name,amenity,tourism,historic,historic:civilization,name:en,name:mk,religion,WKT
Природонаучен Музеј,,museum,,,Macedonian Museum of Natural History,,,POINT (21.4174425 42.005709)
Μνημείο Μάχης Σκρα ντι Λεγκέν (Α ΠΠ),,,monument,,World War I Monument of Skra-di-Legen Battle,Споменик на Битката кај Љумница,,POINT (22.6073053 41.0299308)
Паметник на Цар Самуил,,,monument,,,,,POINT (23.0302482 41.3948861)
,,,ruins,,,,,POINT (23.0289867 41.3947603)
Питу Гули,,,monument,,,,,POINT (21.433319 41.9936737)
Гоце Делчев,,,monument,,,,,POINT (21.4233737 42.0032812)
Влез на Скопското кале,,,city_gate,,Skopje Fortress Gate,,,POINT (21.4338778 42.0008716)
,,,,,,,,POINT (21.4695977 42.1095364)
Тетовско Кале,,,ruins,,Tetovo Fortress,,,POINT (20.960153 42.0195738)
Костурница,,attraction,monument,,Kosturnica,,,POINT (22.0228463 41.4325212)
,,,monument,,,,,POINT (22.0195297 41.4336787)
Библиотека Феткин,library,,,,Fetkin Library,,,POINT (22.0124363 41.4340077)
,,,ruins,,,,,POINT (20.7912433 41.1151632)
Лихнид,,,archaeological_site,,,,,POINT (20.7914836 41.1155576)
Мечкин Камен,,attraction,monument,,Mechkin Kamen,,,POINT (21.257898 41.3377228)
Слива,,,monument,,,,,POINT (21.2273776 41.3880768)
,,,monument,,,,,POINT (21.6904592 41.5113691)
Споменик на слободата,,attraction,monument,,Monument of Freedom,,,POINT (22.4069917 41.9188903)
,,,,,,,,POINT (21.4178843 41.9947928)
Gradska Biblioteka,library,,,,,,,POINT (22.3361557 42.2055718)
WWII Battle - 17th Macedonian Brigade ws Bulgarian army,,,monument,,,2ра Светска војна - Битка помеѓу 17та Македонска Ударна Бригада и Бугарската војска,,POINT (22.3507979 42.2916094)
Музеј на град Берово,,museum,,,Berovo Town Museum,,,POINT (22.8566138 41.7077548)
Споменик на Револуцијата,,,monument,,Monument of the Revolution,,,POINT (20.679835 41.1776616)
Музеј Галерија Кавадарци,,museum,,,Muzej Galerija Kavadarci,,,POINT (22.0163228 41.4343634)
Куќа на Робевци,,museum,,,Robev Family House,,,POINT (20.7961416 41.112361)
,,,,,,,,POINT (21.4367753 42.0030971)
Споменик на Александар Македонски,,artwork,monument,,Statue of Alexander the Great,,,POINT (21.4314474 41.9959035)
Gursel e Bajram Sylejmani,,,monument,,,,,POINT (21.2953473 42.3238799)
Palim borcima NOB-a,,,monument,,,,,POINT (21.6478225 42.3101126)
,,,memorial,,,,,POINT (21.6554487 42.3042697)
,,,monument,,,,,POINT (21.7512744 42.3558684)
Bardhyl Osmani,,,memorial,,,,,POINT (21.6438608 42.3302747)
Museum Teracotta,,museum,,,,,,POINT (22.5049622 41.8841902)
City Library,library,,,,,,,POINT (22.5047369 41.8840704)
5,,,boundary_stone,,,,,POINT (22.9650942 41.363211)
Lukov,,,memorial,,,,,POINT (20.5620379 41.6346281)
Rimska crkva,,,archaeological_site,,,,,POINT (21.3527926 42.0586697)
Св. Атанас,place_of_worship,,,,,,christian,POINT (21.2983618 42.0598924)
Давина Кула,,,archaeological_site,,Davina Kula,,,POINT (21.3548716 42.0843452)
Голема Кула - Кучково,,,archaeological_site,,,,,POINT (21.2786993 42.0587494)
Мала Кула - Кучково,,,archaeological_site,,,,,POINT (21.2844339 42.0585741)
,,,ruins,,,,,POINT (21.7247365 40.8937379)
,,,ruins,,,,,POINT (21.7253458 40.8940485)
Ξενοδοχείο Αύρα,,,ruins,,Hotel,Хотел „Авра“,,POINT (21.914333 40.9706639)
,,,boundary_stone,,,,,POINT (22.3600562 42.313074)
,,,boundary_stone,,,,,POINT (22.3659246 42.3240027)
4,,,boundary_stone,,,,,POINT (22.9655541 41.3534717)
6,,,boundary_stone,,,,,POINT (22.964952 41.3649798)
7,,,boundary_stone,,,,,POINT (22.9645721 41.3667003)
8,,,boundary_stone,,,,,POINT (22.9643552 41.3682443)
9,,,boundary_stone,,,,,POINT (22.9640182 41.3692174)
10,,,boundary_stone,,,,,POINT (22.9637614 41.3704535)
11,,,boundary_stone,,,,,POINT (22.963565 41.371345)
12,,,boundary_stone,,,,,POINT (22.9631755 41.3721284)
13,,,boundary_stone,,,,,POINT (22.9630541 41.3728977)
14,,,boundary_stone,,,,,POINT (22.9628253 41.3739433)
15,,,boundary_stone,,,,,POINT (22.9632889 41.3755256)
16,,,boundary_stone,,,,,POINT (22.9621967 41.3786524)
19,,,boundary_stone,,,,,POINT (22.9628726 41.3839589)
20,,,boundary_stone,,,,,POINT (22.9631941 41.3859009)
21,,,boundary_stone,,,,,POINT (22.9642834 41.3891975)
22,,,boundary_stone,,,,,POINT (22.9667134 41.3931081)
25,,,boundary_stone,,,,,POINT (22.966126 41.3964028)
27,,,boundary_stone,,,,,POINT (22.9615881 41.4070803)
28,,,boundary_stone,,,,,POINT (22.9520216 41.4174975)
30,,,boundary_stone,,,,,POINT (22.9746504 41.4400834)
Куцолиница / 86,,,boundary_stone,,,,,POINT (22.5899869 42.1102442)
87,,,boundary_stone,,,,,POINT (22.5770819 42.1119645)
90,,,boundary_stone,,,,,POINT (22.5104573 42.1551091)
Китка,,,boundary_stone,,,,,POINT (22.3705411 42.3089612)
Крепост Хисарлъка,,,castle,,,,,POINT (22.6915349 42.2747267)
,,,memorial,,,,,POINT (21.3931473 40.8561982)
Руен,,,boundary_stone,,Ruen,Руен,,POINT (22.5162744 42.1580093)
Zena,,,monument,,,Жена,,POINT (21.7200501 42.1355189)
,,,memorial,,,,,POINT (22.8744791 40.9947481)
Στρατιωτικό Μουσείο Κιλκίς,,museum,,,Military Museum of Kilkis,,,POINT (22.8520946 40.9778576)
Ηρώο Κιλκίς,,,memorial,,,,,POINT (22.8522922 40.9773399)
Gradiste kaj s.Brazda,,,archaeological_site,,,,,POINT (21.398848 42.0766913)
Μνημείο Πεσόντων Βρετανών,,,memorial,,,,,POINT (22.7623625 41.1682728)
Βρετανικό μνημείο πεσόντων,,,memorial,,,,,POINT (22.7672677 41.1692038)
Ελληνικό Στρατιωτικό Νεκροταφείο Δοϊράνης,,,memorial,,,,,POINT (22.7712674 41.1661406)
,,,monument,,,,,POINT (22.9526962 41.3962021)
,,,memorial,,,,,POINT (22.7529708 41.3867493)
Црква Света Петка,place_of_worship,attraction,,,Saint Petka Church,,christian,POINT (20.7415162 40.9131005)
,,,,,,,,POINT (21.4332386 41.9980543)
Манастир Св. Андреј,place_of_worship,attraction,monument,,Monastery St. Andrej,,christian,POINT (21.2991931 41.9505936)
Музеј на Дојран,,museum,,,,,,POINT (22.7221034 41.1871817)
Филип Втори,,,monument,,,,,POINT (21.4617772 42.0017233)
Филип II Македонски,,artwork,memorial,,Philip II of Macedon,,,POINT (21.4349949 41.9984602)
,,,,,,,,POINT (21.4396452 41.9961943)
"Shkolla e mesme e ulet ""28 Nëntori""",school,,monument,,,,,POINT (20.7237474 42.1093992)
Св. Илија,place_of_worship,,,,,,christian,POINT (21.2958493 42.0604971)
Св. Климент Охридски,,artwork,memorial,,Clement of Ohrid,,,POINT (21.4254968 41.9983057)
Скендербег,,artwork,memorial,,Skanderbeg,,,POINT (21.437162 41.9993163)
Маркова Нога,,,monument,,,,,POINT (21.1195933 40.8570205)
Костоперска Карпа,,attraction,archaeological_site,prehistoric,,,,POINT (21.809838 42.1706665)
Кокино,,attraction,archaeological_site,,,Кокино,,POINT (21.953118 42.2633818)
,,,,,,,,POINT (21.426268 41.9983847)
,,,,,,,,POINT (21.4325382 42.0018844)
Varrezat e Radeshës,,,memorial,,,,,POINT (20.7001933 42.0516892)
10,,,boundary_stone,,,,,POINT (22.9916178 41.3335478)
11,,,boundary_stone,,,,,POINT (23.0045415 41.3295178)
12,,,boundary_stone,,,,,POINT (23.015062 41.3297879)
13,,,boundary_stone,,,,,POINT (23.016135 41.3301726)
14,,,boundary_stone,,,,,POINT (23.0210206 41.3305055)
15,,,boundary_stone,,,,,POINT (23.0277237 41.3339144)
16,,,boundary_stone,,,,,POINT (23.0322889 41.3325627)
2,,,boundary_stone,,,,,POINT (22.9283963 41.340516)
3,,,boundary_stone,,,,,POINT (22.9317424 41.3404787)
4,,,boundary_stone,,,,,POINT (22.9350736 41.3399583)
5,,,boundary_stone,,,,,POINT (22.9395421 41.3382705)
7,,,boundary_stone,,,,,POINT (22.966292 41.3337503)
8,,,boundary_stone,,,,,POINT (22.9726195 41.3328003)
9,,,boundary_stone,,,,,POINT (22.9806807 41.3348336)
2,,,boundary_stone,,,,,POINT (22.9351752 41.340338)
3,,,boundary_stone,,,,,POINT (22.9527929 41.3524982)
6,,,boundary_stone,,,,,POINT (22.9511982 41.3360354)
Јосип Броз - Тито,,,monument,,,,,POINT (21.7194275 42.1355778)
,,,ruins,medieval,,,,POINT (22.2617922 41.4168996)
,,,ruins,,,,,POINT (22.2700695 41.381851)
Museum of Wine,,museum,,,,Музеј на Биното,,POINT (22.2447656 41.4085959)
,,,ruins,,,,,POINT (22.2538529 41.4012005)
,,,ruins,,,,,POINT (22.2563366 41.3916552)
,,,castle,,,,,POINT (22.2491215 41.4056225)
Марков Град,,,ruins,,Markov Grad,,,POINT (22.2541295 41.4094203)
Меморијален центар АСНОМ,,attraction,memorial,,Memorial Center ASNOM,,,POINT (21.8500367 42.2782511)
Sahat Kula,,,monument,,,,,POINT (20.9108574 41.794932)
Орашко Кале,,,ruins,,Orashko Kale,,,POINT (21.1545235 42.1068795)
Саат кула,,,monument,,,,,POINT (20.9702432 41.5119269)
Саат кула,,,monument,,,,,POINT (21.7840512 41.7140782)
Isar / Idomenae,,,archaeological_site,,,,,POINT (22.4937679 41.2775784)
Куде сат,,,monument,,,,,POINT (21.7192303 42.1346962)
Ножот,,,memorial,,,,,POINT (21.7629669 41.4293251)
Народен Херој Кузман Јосифоски-Питу,,,monument,,People's hero Kuzman Josifoski-Pitu,Народен Херој Кузман Јосифоски-Питу,,POINT (21.5519842 41.3451182)
Пеце Атанасоски,,,monument,,,,,POINT (21.554267 41.3451518)
Ѓорче Петров,,,monument,,Gjorche Petrov,,,POINT (21.5522173 41.3452617)
Питу Гули,,,tomb,,,,,POINT (21.2480535 41.3748344)
Тоше Проески,,,tomb,,,,,POINT (21.2482546 41.3748686)
Никола Карев,,,monument,,,,,POINT (21.2463296 41.3736665)
Д-р Никола Незлобински,,museum,,,,,,POINT (20.6776078 41.1805738)
18,,,boundary_stone,,,,,POINT (22.9625526 41.3818263)
26,,,boundary_stone,,,,,POINT (22.965619 41.3969922)
31,,,boundary_stone,,,,,POINT (22.9762168 41.4533981)
32,,,boundary_stone,,,,,POINT (22.9662076 41.4723462)
33,,,boundary_stone,,,,,POINT (22.9601131 41.4924149)
34,,,boundary_stone,,,,,POINT (22.9585216 41.4930169)
35,,,boundary_stone,,,,,POINT (22.9605185 41.5295396)
36,,,boundary_stone,,,,,POINT (22.9604199 41.5423737)
56,,,boundary_stone,,,,,POINT (22.9527432 41.8016583)
,,,memorial,,,,,POINT (21.3365121 41.0252483)
Стефан Наумов-Стив,,,memorial,,Stefan Naumov-Stiv,,,POINT (21.3368929 41.024615)
,library,,,,,,,POINT (22.5050961 41.1404029)
,,museum,,,,,,POINT (22.5090711 41.1423016)
,,,memorial,,,,,POINT (22.5051926 41.1401322)
Споменик на Питу Гули,,,monument,,Statue of Pitu Guli,,,POINT (21.2497316 41.3649692)
Наум Наумоски-Борче,,,monument,,Naum Naumoski-Borche,Наум Наумоски-Борче,,POINT (21.2484409 41.3653856)
Римски театар,,,ruins,,Roman theater,,,POINT (21.9751675 41.5516379)
99.4-053,,attraction,locomotive,,,,,POINT (20.951411 41.5126479)
Два Коња,,,monument,,,,,POINT (22.5001795 41.1458586)
Цоцев Камен,,attraction,archaeological_site,,Cocev Kamen,,,POINT (21.9862589 42.0836218)
Shpella Zgatarit,,,building,,,,,POINT (20.7008757 42.1420353)
,drinking_water,,,,,,,POINT (20.6499422 41.1438939)
,library,,,,,,,POINT (21.5127868 41.9397754)
Државен архив на Северна Македонија,library,,,,State Archives of North Macedonia,,,POINT (21.4343486 41.9968185)
Sahat Kulla,,viewpoint,monument,,Clock tower,,,POINT (20.7366138 42.2112724)
Владимир Динитров - Майстора,,,memorial,,Vladimir Dimitrov - Painter,,,POINT (22.9218638 42.131758)
Спомен куќа на Страшо Пинџур,,museum,,,Memorial house - Strasho Pindjur,,,POINT (22.0181317 41.4184594)
Преспанско Советување,,,monument,,,,,POINT (20.9119981 40.9765203)
,,,,,,,,POINT (21.5553554 41.3334234)
,,,,,,,,POINT (21.5555484 41.3362996)
City Museum,,museum,,,,,,POINT (22.3348959 42.2020133)
Карпалак,,,monument,,,,,POINT (21.5564074 41.3475544)
,,,wayside_cross,,,,,POINT (20.8347906 41.0141147)
Zebrnjak,,,memorial,,,Зебрњак,,POINT (21.7853235 42.1491368)
Григор Прличев,library,,,,,,,POINT (20.8006399 41.1126552)
Свети Климент Охридски,,artwork,monument,,Monument St. Clement Ohridski,,,POINT (20.7995376 41.1126936)
Свети Кирил и Методиј,,artwork,monument,,Monuments of Saints Cyril and Methodius,Saints Cyril and Methodius,,POINT (20.799994 41.1120476)
Свети Наум Охридски Чудотворец,,artwork,monument,,Monument to St. Naum of Ohrid,,,POINT (20.7990226 41.1122955)
Долна Порта,,,city_gate,,Lower Gate,,,POINT (20.7977703 41.1124606)
Мачка камен,,,archaeological_site,,Macka kamen,,,POINT (21.9627449 42.0853984)
,,,memorial,,,,,POINT (20.942922 42.0050975)
Христо Узунов,,,monument,,,,,POINT (21.0770931 41.4182291)
Sv. Mina,place_of_worship,,,,,,christian,POINT (20.8128079 41.052788)
Sv. Nikola,,attraction,wayside_shrine,,,,christian,POINT (20.8135106 41.0596796)
,,,wayside_cross,,,,,POINT (20.8132397 41.0561451)
Lapidar,,,monument,,,,,POINT (20.4997632 41.0737088)
Lapidar,,,monument,,,,,POINT (20.5285491 41.0630312)
Lapidar,,,memorial,,,,,POINT (20.6618206 40.8997521)
Lapidar,,,monument,,,,,POINT (20.6055503 40.8641815)
,,,ruins,,,,,POINT (21.7220923 40.8958297)
,,,ruins,,,,,POINT (21.7231084 40.8961166)
,,,ruins,,,,,POINT (21.7229234 40.8964468)
Споменик на жртви од НОВ,,,monument,,,,,POINT (20.9636151 41.9062629)
Αγια Παρασκευη,,,wayside_shrine,,Agia Paraskevi,,,POINT (22.5033357 41.0167299)
,,,ruins,,,,,POINT (22.501417 41.0171666)
,,,ruins,,,,,POINT (22.50717 41.0209032)
,,,ruins,,,,,POINT (22.5079738 41.0214678)
,,,ruins,,,,,POINT (22.5067966 41.0217964)
Σερβικο Νεκροταφείο 1ος ΠΠ,,,battlefield,,,,,POINT (21.9178225 41.0225865)
,place_of_worship,,,,,,christian,POINT (21.9839465 40.9908333)
Ι. Μ. Αγ. Ιλαρίωνα,place_of_worship,,,,,,christian,POINT (22.0192819 41.0264259)
,,,memorial,,,,,POINT (22.3338998 40.955933)
Προφήτης Ηλίας,place_of_worship,,,,,,christian,POINT (22.3829974 40.9774)
Ι. Μ. Αγ. Ραφαήλ,place_of_worship,,monastery,,,,christian,POINT (22.400699 40.9468791)
Ιερό Κοινόβιο Οσίου Νικοδήμου του Αγιορείτου,place_of_worship,,monastery,,,,christian,POINT (22.3908323 40.9369961)
Δημοτική βιβλιοθήκη Πολυκάστρου Δημήτριος Ε. Οικονόμου,library,,,,,Библиотека „Димитриос Иконому“,,POINT (22.5478187 40.9878986)
,,,wayside_shrine,,,,,POINT (21.9110875 40.9730418)
Ενθύμιο Γάλλων στρατιωτών,,,monument,,,,,POINT (22.4498767 40.9458535)
Александар Македонски,,,monument,,,,,POINT (21.5524989 41.3460556)
Методија Андонов-Ченто,,,monument,,,,,POINT (21.5528281 41.3462544)
Св. Никола,,,monument,,,,,POINT (21.553243 41.3462194)
Масакр кај Пуста Кула,,,memorial,,,,,POINT (21.7360635 41.822914)
Карпалак 2001,,,monument,,,,,POINT (21.5479723 41.3434323)
Крипта,,,monument,,Cript,,,POINT (21.554646 41.3341123)
Кръст,,,wayside_cross,,,,,POINT (22.9509413 42.1750662)
Αγ. Πέτρος,place_of_worship,,,,,,christian,POINT (22.5010228 40.9509625)
Итар Пејо,,,monument,,Sly Peter,,,POINT (21.5548417 41.345456)
,,,,,,,,POINT (21.420091 41.9995605)
Dedo Jakim - Mill,,,monument,,,Воденицата на Дедо Јаким,,POINT (22.8187714 41.975162)
Ilin Kamen,,,monument,,,Илин Камен,,POINT (22.8193451 41.9769054)
Гоце Делчев (Биста),,,monument,,Goce Delchev,,,POINT (22.7768724 41.9668611)
Гоце Делчев,,,monument,,Goce Delchev,,,POINT (22.7742882 41.9643843)
Споменик на паднати борци во НОБ,,,monument,,,,,POINT (22.7716387 41.9653801)
Музеј на град Делчево,,museum,,,City Museum,,,POINT (22.7729986 41.9664768)
Градска Библиотека Илинден,library,,,,City Library Ilinden,,,POINT (22.772984 41.9663875)
,,,monument,,,,,POINT (22.772844 41.9661617)
Кула,,,monument,,Kula,,,POINT (22.7954411 41.9425359)
Josip Broz Tito,,artwork,memorial,,,,,POINT (21.426153 41.9952169)
,,,,,,,,POINT (21.256478 42.2353908)
,,,,,,,,POINT (21.2560286 42.2353944)
Γέννηση της Θεοτόκου,place_of_worship,,,,Gennisi tis Theotokou,Рождество на Пресв. Богородица,christian,POINT (22.51136 41.1215265)
UÇK,,,memorial,,Xhevat Berisha,,,POINT (20.7403916 42.2092811)
ΜΝΗΜΕΙΟ ΠΕΣΟΝΤΩΝ ΚΑΤΑΔΡΟΜΕΩΝ,,,memorial,,,,,POINT (21.8147391 40.9088516)
Маркови Кули,,,ruins,byzantine,Markovi Kuli,Маркови Кули,,POINT (21.4313461 41.9682709)
Леонид Јанков,,,monument,,,,,POINT (22.5093733 41.139367)
Г177,,,boundary_stone,,,,,POINT (21.1211491 40.8536596)
Г176,,,boundary_stone,,,,,POINT (21.1255774 40.8545802)
Г175-2,,,boundary_stone,,,,,POINT (21.1306578 40.8554344)
Г175-1,,,boundary_stone,,,,,POINT (21.1326005 40.854785)
Св. Кирил и Методиј,,artwork,memorial,,Saints Cyril and Methodius,,,POINT (21.4339766 41.9977079)
Св. Климент Охридски и Наум Охридски Чудотворец,,artwork,memorial,,Saints Clement of Ohrid and Naum,,,POINT (21.4341509 41.9975624)
,,,,,,,,POINT (21.4200476 41.9994201)
Германска читалница,library,,,,,,,POINT (21.4393671 41.9981313)
Американско катче Македонија,library,,,,American Corner Macedonia,,,POINT (21.4397823 41.9980573)
,,,,,,,,POINT (21.4397755 41.9981154)
,,,,,,,,POINT (21.4394495 41.998149)
Цар Самоил,,artwork,memorial,,Tsar Samuel,,,POINT (21.4313414 41.9953917)
,,,monument,,,,,POINT (21.4329692 41.2251669)
Даме Груев,,artwork,memorial,,Dame Gruev,Даме Груев,,POINT (21.4321474 41.9964949)
Јустинијан I,,artwork,memorial,,Justinian I,,,POINT (21.4323054 41.9968799)
Олимпија,,artwork,memorial,,Olympias,,,POINT (21.4344182 41.9979046)
Галерија на икони,,gallery,,,Icon Gallery,,,POINT (20.7952385 41.1143378)
Прометеј,,,monument,,Prometheus,,,POINT (21.4337226 41.993303)
,,,ruins,,,,,POINT (21.4116211 41.9760971)
"Medieval Church ""St. St. Kozma and Damyan""",,attraction,ruins,medieval,,,,POINT (22.9099876 42.2258683)
,,,memorial,,,,,POINT (21.2243427 42.2541202)
Г59,,,boundary_stone,,,,,POINT (22.517412 41.1274807)
Тодор Александров,,,monument,,,,,POINT (21.439106 41.9834333)
Стара Рампа,,,monument,,,,,POINT (21.4369668 41.986749)
Бегова кула,,attraction,monument,,Bey's Tower,,,POINT (21.4317487 41.9936684)
Гоце Делчев,,,monument,,,,,POINT (22.7549207 41.4166941)
Борка Талески-Модерното / Лазо Филиповски-Лавски,,,memorial,,Borka Taleski / Lazo Filipovski,,,POINT (21.6749495 41.3661079)
Nr.18,,,boundary_stone,,,,,POINT (20.6098614 41.9914202)
Свети Наум,,,memorial,,,Свети Наум,,POINT (20.7412554 40.9142149)
,,,monument,,,,,POINT (22.1901029 41.7364573)
Споменик на загинатите евреи,,,monument,,,,,POINT (22.1903758 41.736405)
Мустафа-пашина џамија,,,monument,,Murat Pasha Mosque,,,POINT (21.4375046 42.000853)
Vila Varvarka,,,castle,,Vila Varvarka,Vila Varvarka,,POINT (21.4333848 41.9130467)
Споменик на Јуриј Гагарин,,,monument,,Yuri Gagarin Monument,,,POINT (21.4108745 41.9949279)
,,,monument,,,,,POINT (22.8536883 42.2562007)
Никола Карев,,,monument,,,,,POINT (21.4332009 41.9930188)
UÇK,,,memorial,,,,,POINT (20.6719027 42.2914658)
Вера Јоциќ,,,monument,,Vera Jocik,Вера Јоциќ,,POINT (21.4283664 42.0016804)
NATO,,,memorial,,,,,POINT (20.744052 42.2172338)
,,,monument,,,,,POINT (20.5275107 41.5227668)
Muzeu i Qytetit,,museum,,,Museum of Suhareka,,,POINT (20.8221602 42.3539569)
Марко Мрњавчевиќ,,,monument,,Marko Mrnjavchevikj,Марко Мрњавчевиќ,,POINT (21.5532375 41.3455416)
Круме Кепески,,,monument,,,,,POINT (21.5505634 41.3450704)
Блаже Конески,,,monument,,,,,POINT (21.5506707 41.3451329)
Марко Цепенков,,,monument,,,,,POINT (21.5505581 41.3451792)
Китино Кале,,attraction,castle,,Kita Castle,Китино Кале,,POINT (20.9663459 41.5130946)
Шуплив Камен,,,boundary_stone,,,,,POINT (22.3602199 42.3110963)
1a,,,boundary_stone,,,,,POINT (22.9282524 41.3413087)
Raman & Arsim home,,,memorial,,,,,POINT (20.7345989 42.2218436)
Siprint,library,,,,,,,POINT (20.7389588 42.2078028)
,library,,,,,,,POINT (20.6340519 42.3201642)
Ish Kisha Paleokristiane,,,archaeological_site,,,,,POINT (21.1753465 42.3501661)
Lokalitet arkeologjik në Nerodimen e Ulët,,,archaeological_site,,,,,POINT (21.0947288 42.3670346)
Lokalitet arkeologjik në Paldenicë,,,archaeological_site,,,,,POINT (21.2890417 42.1594768)
Nekropoli i Tumulave të Rogovës,,,archaeological_site,,,,,POINT (20.5742633 42.3320228)
Shtatorja e Adem Jasharit,,,memorial,,,,,POINT (20.654165 42.0620592)
Паметник на убити от бандата на Георги Михов Димитров (ГЕМЕТО).,,,monument,,,,,POINT (22.6210684 42.1876409)
Ботун,,,memorial,,,,,POINT (20.7836677 41.2788101)
Споменик на слободата,,,monument,,Monument of freedom,,,POINT (22.5006786 41.158263)
Kisha e Shën Nikollës Tutiqëve,place_of_worship,attraction,yes,,Saint Nicholas Church,,,POINT (20.7394212 42.2082531)
Kisha e Nikollës së Shenjtë,place_of_worship,,,,,,christian,POINT (21.0725328 42.2474626)
Kalaja e Qikes,,,castle,,Girl's fortress,,,POINT (20.7619431 42.199364)
Црква Свете Недеље,place_of_worship,attraction,yes,,St. Nedelja Church,,christian,POINT (20.7434407 42.2094939)
Violeta Manushi,,,monument,,,Виолета Мануши,,POINT (20.7203718 40.9007363)
,,,monument,,Haji Balaban Masjid,,,POINT (21.4368762 42.0048505)
Борецот,,,monument,,,,,POINT (21.5025867 41.3738524)
,,,monument,,,,,POINT (21.5642947 41.3983937)
,,,wayside_shrine,,,,christian,POINT (20.6763098 41.7430936)
,,,monument,,,,,POINT (20.6621456 42.3603452)
Njazi Azemi,,,memorial,,,,,POINT (21.3567371 42.3190346)
Сергеј Есенин,,,monument,,,,,POINT (20.6783749 41.1736526)
Varri i Metalise,,attraction,memorial,,,,,POINT (20.5407174 41.8261539)
Varri i Sejmenit,,attraction,memorial,,,,,POINT (20.4853306 41.780663)
Емин-бегова кула,,attraction,monument,,Emin Bey Tower,,,POINT (22.1823517 42.0769461)
Крстева кула,,,monument,,Krste's Tower,Крстева кула,,POINT (22.1826261 42.0768838)
Споменик „Солунски фронт“ од I светска војна,,,monument,,World War I Salonica Front memorial,,,POINT (22.6878453 41.1949939)
Хаџикостова кула,,,monument,,Hadji Kostov Tower,,,POINT (22.1822635 42.0768628)
Саат-кула,,,monument,,Clock Tower,,,POINT (22.1818109 42.0792053)
Златковичева кула,,,monument,,Zlatkovich Tower,,,POINT (22.1809805 42.0788289)
Симиќева кула,,,monument,,Simikj Tower,,,POINT (22.1794714 42.0786957)
Richard Holbrook,,,memorial,,,,,POINT (21.3570946 42.3179656)
Micheline Calmy-Rey,,,memorial,,,,,POINT (21.356599 42.3161328)
Струмица-Кристал-64,,,monument,,,,,POINT (22.6796979 41.4409796)
Григор Прличев,,,tomb,,Grigor Prlicev grave,,,POINT (20.7958058 41.1142035)
Varrezat e fshatit,,,memorial,,,,,POINT (20.6993216 42.3532275)
Πολυβολείο Π9,,,yes,,,,,POINT (23.0211808 41.3072588)
Тумба / Τούμπα,,,boundary_stone,,Tumba,Тумба,,POINT (22.9275511 41.3384543)
Monument Kulture,,,monument,,,,,POINT (20.9724068 40.8878546)
Rrënoja,,,ruins,,,,,POINT (20.9355426 40.8633064)
,place_of_worship,,,,,,christian,POINT (21.0440502 42.2544104)
Партизански паметник,,,memorial,,,,,POINT (22.975027 41.9975082)
,,,wayside_cross,,,,,POINT (22.8213367 41.9765397)
Црква Успења Пресвете Богородице,place_of_worship,,,,,,christian,POINT (20.8935679 42.2903775)
,,,memorial,,,,,POINT (21.4188415 42.0229063)
,,,memorial,,,,,POINT (20.7934484 41.1142097)
Св. Троица,place_of_worship,attraction,yes,,St. Trinity,,christian,POINT (21.3415263 41.006774)
Μνημείο,,,memorial,,,,,POINT (22.8512298 41.1787643)
Μνημείο,,,memorial,,,,,POINT (22.8316401 41.1206826)
,,,monument,,,,,POINT (23.0002807 42.1531918)
Теракота,,,memorial,,,,,POINT (22.5039935 41.8845661)
Никола Кукунешоски - Дунѓерски,,,memorial,,Nikola Kukuneshoski - Dungjerski,,,POINT (20.6778868 41.1745272)
Крсте Јовановски,,,memorial,,,,,POINT (20.6779485 41.1747311)
Димче Кошаркоски,,,memorial,,,,,POINT (20.6779833 41.1749451)
Боро Шаин,,,memorial,,,,,POINT (20.6782194 41.1756537)
Јово Стефановски - Риле,,,memorial,,,,,POINT (20.6781791 41.1755185)
Разме Малески,,,memorial,,,,,POINT (20.6781416 41.1753893)
Петре Гончески - Гиле,,,memorial,,,,,POINT (20.6781067 41.1752843)
Св. Благовештение,church,,wayside_shrine,,,,,POINT (20.8033957 41.05924)
,,,monument,,,,,POINT (20.6945328 40.8609742)
,,,memorial,,,,,POINT (20.8036513 41.0000561)
Kërëk xhamia-Namazxhah,,,yes,,,,,POINT (20.7309446 42.2141128)
Xhamia e Arastës,,,building,,Arasta Mosque,,,POINT (20.741863 42.2103879)
Eтнолошки музеј,,museum,,,Ethnographic museum,,,POINT (21.0506131 41.0240503)
Гоце Делчев,,artwork,memorial,,Goce Delchev,Гоце Делчев,,POINT (21.4323793 41.9963577)
Konjuh,,,archaeological_site,ancient_roman,,,,POINT (21.9665342 42.1003011)
Rotonda Konjuh,,,ruins,ancient_roman,,,,POINT (21.9658672 42.0949995)
Bosko Chapel,,,wayside_shrine,,,,,POINT (21.9606298 42.0995746)
,,,archaeological_site,medieval,,,,POINT (22.1863555 41.7376603)
Bargala,,,archaeological_site,ancient_roman,,,,POINT (22.289829 41.7995125)
Roman Bathhouse,,attraction,archaeological_site,,,,,POINT (22.7542141 41.3825161)
,,,ruins,ottoman,,,,POINT (22.7536848 41.3826711)
,,,archaeological_site,,,,,POINT (22.8625358 41.7779241)
,,,archaeological_site,,,,,POINT (22.4180157 41.8484714)
Doma,,,monument,,,,,POINT (21.4434502 42.0169571)
Museum of Galichnik's cultural heritage,,museum,,,,,,POINT (20.652723 41.5939237)
,,,memorial,,The Bridge of Civilizations in Macedonia,,,POINT (21.4339472 41.9963717)
,,,memorial,,,,,POINT (21.4344426 42.0011065)
,,,memorial,,chapel,,,POINT (20.8255665 41.0239386)
Манастир Светих Архангела,place_of_worship,attraction,yes,,Monastery of the Holy Archangels,Манастир Свети Архангели,christian,POINT (20.7635145 42.2005793)
Спомен плоча на Мајка Тереза,,,memorial,,Mother Teresa Old House Place,,,POINT (21.4319995 41.9952759)
Μνημείο Ποντίων,,,memorial,,,Споменик на Понтијците,,POINT (22.9291546 41.2838756)
,,,memorial,,,,,POINT (22.894128 41.2773578)
,,,memorial,,,,,POINT (22.9482552 41.2920611)
,,,memorial,,,,,POINT (22.9481317 41.2922706)
ΙΝΤΖΕΣ,,,memorial,,,,,POINT (22.9991093 41.2601074)
,,,memorial,,,,,POINT (22.9436422 41.2927647)
Peloim Ballshkashi,,,memorial,,,,,POINT (20.5588035 41.1083502)
Agron H. Bogdani,,,memorial,,,,,POINT (20.564815 41.1055913)
,,,monument,,,,,POINT (20.6090108 41.0653008)
Ард ден Долард,,,memorial,,Aard den Dolaard,,,POINT (20.8078335 41.1057278)
Резиденцијата Главинов,,,castle,,Residence Glavinov,Резиденција Главинов,,POINT (21.4422187 41.958616)
,,,memorial,,,,,POINT (21.4274744 41.9953188)
,,,memorial,,,,,POINT (21.4195079 41.9996011)
Методија Андонов - Ченто,,,memorial,,,,,POINT (21.4306041 41.9957136)
Xhamia e Arastes,,,monument,,Arasta mosque,,,POINT (20.7419468 42.2103335)
,,,memorial,,,,,POINT (21.3655391 42.0072121)
,,,memorial,,,,,POINT (21.4331831 41.9959384)
Archaeological Museum,,museum,,,,,,POINT (20.7366648 42.2112685)
,library,,,,,,,POINT (22.5890858 42.0214084)
terminal mitnitsa tetovo,,,monument,,,,,POINT (20.9681527 41.9974433)
patarina-160,,,monument,,,,,POINT (21.2926787 41.9885405)
T669,,,locomotive,,,,,POINT (20.5478883 41.0672594)
Skanderbeg table,,,yes,,,,,POINT (20.520401 41.0958636)
,,museum,,,Museum House of Dimitar Peshev,,,POINT (22.6890477 42.2833904)
Капитан Ильо Войвода,,,memorial,,Ильо Войвода,,,POINT (22.6970521 42.2817365)
Крепост Градище,,,castle,,,,,POINT (22.965204 42.0035485)
Kanda - Geoglif Sv. Nikole,,,monument,,,,,POINT (21.9562049 41.8289715)
,,,memorial,,,,,POINT (22.2020987 41.7361643)
,,,memorial,,,,,POINT (22.1983434 41.738462)
,,,memorial,,,,,POINT (22.1984235 41.7384601)
,,,memorial,,,,,POINT (22.201961 41.7361778)
,,,memorial,,,,,POINT (22.2015065 41.7362745)
,,,memorial,,,,,POINT (22.201344 41.7363007)
,,,monument,,,,,POINT (22.1899861 41.7364635)
Споменик на Малешевскиот (Малешки) народноослободителен одред,,,memorial,,,,,POINT (22.6569551 41.7213441)
,,,memorial,,,,,POINT (21.3906079 42.3215992)
Кале,,,archaeological_site,byzantine,Kale,Кале,,POINT (20.9282003 41.0043725)
,,,wayside_shrine,,,,,POINT (20.6465372 40.9131234)
Калата,,,archaeological_site,ancient_roman,Kalata,Калата,,POINT (22.5905605 41.9856377)
Бањичко Кале,,,archaeological_site,,Banjica Fortress,,,POINT (21.628172 41.6952366)
Idriz Seferi,,,memorial,,,,,POINT (21.2570189 42.2265772)
Mirče Acev Bataljon,,,monument,,,,,POINT (20.7630424 41.3747079)
,,,tomb,,,,,POINT (21.2217637 42.2725713)
,,,tomb,,,,,POINT (21.2217768 42.2725609)
,,,tomb,,,,,POINT (21.2217899 42.2725518)
,,,tomb,,,,,POINT (21.2217996 42.2725415)
,,,tomb,,,,,POINT (21.2218115 42.2725313)
,,,tomb,,,,,POINT (21.2217345 42.2725344)
,,,tomb,,,,,POINT (21.2217445 42.2725261)
,,,tomb,,,,,POINT (21.2217587 42.2725167)
,,,tomb,,,,,POINT (21.2217699 42.2725076)
,,,tomb,,,,,POINT (21.2217811 42.2724956)
,,,tomb,,,,,POINT (21.2217938 42.2724859)
,,,tomb,,,,,POINT (21.2218061 42.2724763)
,,,tomb,,,,,POINT (21.2218173 42.2724634)
,,,tomb,,,,,POINT (21.2218281 42.2724537)
,,,tomb,,,,,POINT (21.2218391 42.2724463)
,,,tomb,,,,,POINT (21.2216834 42.2725228)
,,,tomb,,,,,POINT (21.2216956 42.2725115)
,,,tomb,,,,,POINT (21.2217083 42.2725017)
,,,tomb,,,,,POINT (21.221719 42.2724927)
,,,tomb,,,,,POINT (21.2217291 42.2724799)
,,,tomb,,,,,POINT (21.2217393 42.2724701)
,,,tomb,,,,,POINT (21.2217546 42.2724592)
,,,tomb,,,,,POINT (21.2217632 42.2724494)
,,,tomb,,,,,POINT (21.2217764 42.2724389)
,,,tomb,,,,,POINT (21.2217861 42.2724303)
,,,tomb,,,,,POINT (21.221628 42.2725077)
,,,tomb,,,,,POINT (21.221642 42.2724972)
,,,tomb,,,,,POINT (21.221656 42.2724864)
,,,tomb,,,,,POINT (21.2216668 42.2724761)
,,,tomb,,,,,POINT (21.2216776 42.2724659)
,,,tomb,,,,,POINT (21.2216896 42.2724545)
,,,tomb,,,,,POINT (21.2217027 42.2724452)
,,,tomb,,,,,POINT (21.2217144 42.2724324)
,,,tomb,,,,,POINT (21.221724 42.2724236)
,,,tomb,,,,,POINT (21.2217357 42.2724115)
,,,tomb,,,,,POINT (21.2215776 42.2724927)
,,,tomb,,,,,POINT (21.2215907 42.2724818)
,,,tomb,,,,,POINT (21.2216007 42.2724726)
,,,tomb,,,,,POINT (21.2216128 42.2724627)
,,,tomb,,,,,POINT (21.2216269 42.2724498)
,,,tomb,,,,,POINT (21.2216386 42.2724411)
,,,tomb,,,,,POINT (21.2216477 42.2724299)
,,,tomb,,,,,POINT (21.2216604 42.2724203)
,,,tomb,,,,,POINT (21.2216705 42.2724118)
,,,tomb,,,,,POINT (21.2216829 42.2723974)
,,,tomb,,,,,POINT (21.2219039 42.2723823)
,,,tomb,,,,,POINT (21.2219147 42.2723723)
,,,tomb,,,,,POINT (21.2219266 42.2723615)
,,,tomb,,,,,POINT (21.221939 42.2723521)
,,,tomb,,,,,POINT (21.2219486 42.2723399)
,,,tomb,,,,,POINT (21.2219605 42.2723304)
,,,tomb,,,,,POINT (21.2219725 42.2723208)
,,,tomb,,,,,POINT (21.2219859 42.2723088)
,,,tomb,,,,,POINT (21.221996 42.2722997)
,,,tomb,,,,,POINT (21.2220106 42.2722894)
,,,tomb,,,,,POINT (21.2218712 42.2723475)
,,,tomb,,,,,POINT (21.2218866 42.2723359)
,,,tomb,,,,,POINT (21.2218954 42.2723242)
,,,tomb,,,,,POINT (21.221907 42.2723156)
,,,tomb,,,,,POINT (21.221922 42.2723045)
,,,tomb,,,,,POINT (21.2219293 42.2722948)
,,,tomb,,,,,POINT (21.2219386 42.2722849)
,,,tomb,,,,,POINT (21.2219517 42.2722732)
,,,tomb,,,,,POINT (21.2219609 42.2722643)
,,,tomb,,,,,POINT (21.2219759 42.2722538)
,,,tomb,,,,,POINT (21.2218411 42.2723128)
,,,tomb,,,,,POINT (21.2218558 42.2723014)
,,,tomb,,,,,POINT (21.2218689 42.2722917)
,,,tomb,,,,,POINT (21.2218773 42.2722792)
,,,tomb,,,,,POINT (21.2218897 42.2722686)
,,,tomb,,,,,POINT (21.2218993 42.2722612)
,,,tomb,,,,,POINT (21.221912 42.2722515)
,,,tomb,,,,,POINT (21.2219209 42.2722424)
,,,tomb,,,,,POINT (21.2219316 42.2722313)
,,,tomb,,,,,POINT (21.2219432 42.2722182)
,,,tomb,,,,,POINT (21.221917 42.2721825)
,,,tomb,,,,,POINT (21.221902 42.2721934)
,,,tomb,,,,,POINT (21.2218877 42.2722048)
,,,tomb,,,,,POINT (21.2218781 42.2722136)
,,,tomb,,,,,POINT (21.2218658 42.2722281)
,,,tomb,,,,,POINT (21.2218531 42.272237)
,,,tomb,,,,,POINT (21.2218392 42.2722472)
,,,tomb,,,,,POINT (21.2218323 42.2722583)
,,,tomb,,,,,POINT (21.2218176 42.2722689)
,,,tomb,,,,,POINT (21.2218042 42.2722803)
,,,wayside_shrine,,,,,POINT (22.0698335 41.0824215)
,,,wayside_shrine,,,,,POINT (22.089013 41.0553224)
,,,wayside_shrine,,,,,POINT (22.0816282 41.0504371)
,,,wayside_shrine,,,,,POINT (22.0897625 41.0574499)
Πευκωτό,,,ruins,,,Зборско,,POINT (22.0914431 41.0705203)
,,,wayside_shrine,,,,,POINT (22.0899062 41.0575114)
,,,wayside_shrine,,,,,POINT (22.0855155 41.0678244)
,,,wayside_shrine,,,,,POINT (22.0700342 41.0817017)
,,,wayside_shrine,,,,,POINT (22.1298902 41.1207146)
,,,wayside_shrine,,,,,POINT (22.1198108 41.0574056)
,,,wayside_shrine,,,,,POINT (22.1870751 41.1053737)
,,,wayside_shrine,,,,,POINT (22.2704552 41.0856839)
,,,wayside_shrine,,,,,POINT (22.2648271 41.0805739)
,,,wayside_shrine,,,,,POINT (21.9896745 41.0271495)
,,,wayside_shrine,,,,,POINT (21.9381336 40.9548613)
,,,wayside_shrine,,,,,POINT (21.9898239 40.9696489)
,,,wayside_shrine,,,,,POINT (21.9258836 40.9611033)
,,,wayside_shrine,,,,,POINT (21.9675323 40.9725753)
,,,wayside_shrine,,,,,POINT (22.3707381 40.889908)
,,,wayside_shrine,,,,,POINT (22.3658445 40.8919668)
,,,wayside_shrine,,,,,POINT (22.3347694 40.9004793)
Ερείπια Παπάσιου,,,ruins,,,,,POINT (22.2186922 40.9311537)
,,,memorial,,,,,POINT (21.3561747 42.3151256)
,,,wayside_shrine,,,,,POINT (22.3768124 40.97091)
,,,wayside_shrine,,,,,POINT (22.3912576 40.9769936)
,,,wayside_shrine,,,,,POINT (22.3827272 40.9710655)
,,,wayside_shrine,,,,,POINT (22.3902611 40.9727872)
,,,wayside_shrine,,,,,POINT (22.3040844 40.9909298)
,,,wayside_shrine,,,,,POINT (22.3816961 40.9794971)
Ερείπια Πουλιάνας,,,ruins,,,,,POINT (22.1878884 40.9689336)
Ερείπια Λεσκόβου,,,ruins,,,Лесково (урнатини),,POINT (22.2458198 41.0345668)
,,,wayside_shrine,,,,,POINT (22.2970382 41.0866396)
,,,wayside_shrine,,,,,POINT (22.3880224 41.0831823)
,,,wayside_shrine,,,,,POINT (22.3067045 41.0893828)
,,,wayside_shrine,,,,,POINT (22.3428266 41.0886953)
,,,memorial,,,,,POINT (21.3605354 42.3233792)
,,,city_gate,,,,,POINT (20.7912802 41.1146413)
,place_of_worship,attraction,yes,,,,muslim,POINT (20.6456064 42.0284677)
Арката,,,building,,The Arch,,,POINT (22.6882717 42.2805886)
2 musicians and one dancing man,,,memorial,,,,,POINT (21.4307922 41.9943288)
Коста Абраш,,,memorial,,,,,POINT (20.795694 41.1120953)
Henry Dunant,,,memorial,,,,,POINT (20.8071328 41.1124032)
Љубе Грујоски,,,monument,,Ljube Grujoski,,,POINT (21.3684104 41.2754595)
,,,archaeological_site,,,,,POINT (21.9628186 42.0992419)
,,museum,,,Museum of illusions,,,POINT (21.4291373 41.9962134)
Galerija RA,,museum,,,Gallery RA,,,POINT (21.3865879 41.9989569)
Shtëpi bazë e UÇK-së,,,memorial,,,,,POINT (21.3038128 42.3547528)
Max van der Stoel,library,,,,,,,POINT (20.9599279 41.9867327)
Споменик на Дојрана,,,monument,,,,,POINT (22.7227512 41.1857198)
Чешма Света Петка,,,monument,,,,,POINT (22.7233826 41.1825947)
ΓΡΗΓΟΡΗΣ ΑΥΞΕΝΤΙΟΥ,,,memorial,,,,,POINT (22.9967481 41.2597942)
Pllakë e viktimave të luftës gjatë viteve 1998-2001,,,memorial,,,,,POINT (21.2571587 42.2280336)
,,,memorial,,,,,POINT (22.9968105 41.2598073)
Koxha Sinan Pasha,place_of_worship,,,,,,muslim,POINT (21.2574479 42.227721)
Струма невеста,,,monument,,,,,POINT (22.8537781 42.2555372)
,,,monument,,,,,POINT (22.8051611 42.1376034)
AXX110 / RA-42390,,,memorial,,,,,POINT (20.7762352 41.1850048)
PMK301 / PH-KXL,,,memorial,,,,,POINT (21.6157628 41.9779001)
Дабнички масакр,,,memorial,,Masacre of Dabnica,,,POINT (21.5605466 41.3724643)
Толе Паша,,,monument,,Tole Pasha,,,POINT (21.6536957 41.2064953)
Ацо Ангеловски,,,memorial,,,,,POINT (21.5476216 42.022416)
Кирил Петрушевски,,,memorial,,,,,POINT (21.5480468 42.0225556)
Ерол Готак,,,memorial,,,,,POINT (21.5486015 42.0227044)
Нане Наумоски,,,memorial,,,,,POINT (21.1660504 41.9764851)
Сашо Китаноски,,,memorial,,,,,POINT (21.1773385 41.977847)
Бранко Секулоски,,,memorial,,,,,POINT (21.1679024 41.97753)
Горан Миноски,,,memorial,,,,,POINT (21.1745241 41.9781971)
Марко Деспотоски,,,memorial,,,,,POINT (21.1713626 41.977893)
Ердован Шабаноски,,,memorial,,,,,POINT (21.1675604 41.9767167)
Љубе Грујоски,,,memorial,,,,,POINT (21.1694976 41.9772958)
Дарко Велјаноски,,,memorial,,,,,POINT (21.1717935 41.9770406)
Веби Рушитоски,,,memorial,,,,,POINT (21.1747438 41.9767893)
Пеце Секулоски,,,memorial,,,,,POINT (21.1770879 41.977042)
Св. Архангел Михаил,,,,,,,christian,POINT (20.6324791 41.1068913)
Карпалак,,,memorial,,,,,POINT (21.6256855 41.3575814)
Масакр во Ваташа,,,memorial,,Vatasha Massacre,,,POINT (22.0284286 41.4014262)
Пере Тошев,,,tomb,,Pere Toshev,,,POINT (21.5583071 41.3428704)
,,,monument,,,,,POINT (21.2277167 41.2504567)
xhamia Neredime eperme,,,monument,,,,,POINT (21.0809499 42.371361)
,,,monument,,,,,POINT (22.9520905 42.3304544)
,,,memorial,,,,,POINT (21.4333292 41.9972086)
Duko Tasev,,,memorial,,,,,POINT (20.8721449 41.4436592)
,,,wayside_shrine,,,,,POINT (21.9008104 40.9813577)
Гоце Делчев,,,monument,,,,,POINT (20.9229426 41.4831122)
Христо Узунов,,,monument,,Hristo Uzunov,,,POINT (20.9222623 41.483575)
,,,castle,,,,,POINT (20.5405816 42.3578249)
,,,memorial,,,,,POINT (21.1933224 41.2693524)
,,,city_gate,,,,,POINT (20.7976493 41.1121139)
Горна Порта,,attraction,city_gate,,Upper Gate,,,POINT (20.7949057 41.1150206)
Битката на Ѓурѓејца,,,battlefield,,Battle of Gjurgjejca,,,POINT (20.9658462 41.4528994)
Споменик Св. Никола,,,monument,,Monument of St. Nicholas,,,POINT (21.942062 41.8646892)
Споменик „Лазар Колишевски“,,,monument,,,,,POINT (21.9410121 41.8644645)
,library,,,,,,,POINT (21.9408047 41.8643195)
Св. Илија,,,memorial,,,,,POINT (21.9386585 41.8627557)
Споменик на Никола Карев,,,monument,,Monument to Nikola Karev,,,POINT (22.412778 41.9156602)
Кире Гаврилоски-Јане / Круме Волнароски-Коља,,,memorial,,Kire Gavriloski-Jane / Krume Volnaroski-Kolja,,,POINT (21.5629735 41.3464944)
,,,castle,,,,,POINT (20.7456685 42.209278)
Александар Македонски,,,memorial,,Alexander The Great,,,POINT (21.5572532 41.3421058)
,,,memorial,,,,,POINT (22.9797048 41.3662817)
,,,monument,,,,,POINT (21.562326 40.9507516)
,,,yes,,,,,POINT (20.7346417 42.2124828)
,,,monument,,,,,POINT (21.6538376 41.3675691)
Мирослав Јоксимовиќ,,,memorial,,Miroslav Joksimovikj,Мирослав Јоксимовиќ,,POINT (21.2464617 41.3761727)
,,,memorial,,,,,POINT (21.8698743 42.333961)
,,,memorial,,,,,POINT (21.2375283 41.3747282)
Кица Петрески,,,monument,,Kica Petreski,,,POINT (21.2488407 41.3653786)
,,,monument,,,,,POINT (21.7710681 41.3563252)
Xhamia,,,memorial,,Mosque,,,POINT (20.7476739 42.2142023)
Αρχαιολογικός Χώρος Ευρωπού,,,archaeological_site,,,,,POINT (22.5529774 40.886263)
Ταφικός Τύμβος Μεσιάς,,,archaeological_site,,,,,POINT (22.5616385 40.8777665)
,,,memorial,,,,,POINT (21.8251757 41.1830133)
NEVER FORGOTTEN,,,memorial,,,,,POINT (21.1533853 42.3686977)
VAM-304,,,monument,,,,,POINT (21.6650899 41.8668125)
МАР-7712,,,monument,,,,,POINT (22.6491133 41.4498577)
,,,memorial,,,,,POINT (20.7418173 42.2094064)
1. Бригада,,,memorial,,1st Brigade,1. Бригада,,POINT (20.6489384 41.366045)
Ослободителите на Скопје,,,monument,,Monument to the Liberators of Skopje,,,POINT (21.4292436 41.9998632)
,,,wayside_cross,,,,,POINT (21.5018088 41.3736045)
Civil war ruins-ερείπια εμφυλίου,,,ruins,,,,,POINT (22.8323036 41.3282209)
10-11,,,boundary_stone,,,,,POINT (22.8312162 41.335769)
Lapidari,,,memorial,,,,,POINT (20.6415567 42.3355531)
,,,memorial,,,,,POINT (21.6788001 41.3702007)
,,,memorial,,,,,POINT (20.6239758 42.1356995)
08.12.1941,,,memorial,,,,,POINT (21.5549177 41.3435127)
,,,memorial,,,,,POINT (21.3313534 41.0221088)
Библиотека „Браќа Миладиновци“ - Карпош,library,,,,"Library ""Miladinovci Brothers"" - Karposh",,,POINT (21.4120526 42.0027424)
,,,monument,,,,,POINT (22.0327107 41.2551396)
Вејце,,,monument,,,,,POINT (20.9185104 42.0673767)
,,,memorial,,,,,POINT (22.3544954 42.03468)
Kulla - Ekzodi 99,,,monument,,,,,POINT (20.5683924 42.3470874)
,,,memorial,,,,,POINT (22.5856226 41.3175299)
Nesimi Elshani,,,memorial,,,,,POINT (20.6422395 42.3381033)
Parku i Komandant Drinit,,,monument,,,,,POINT (20.7412294 42.2145436)
Seven days,library,,,,,,,POINT (20.7339269 42.2062931)
Libraria pena,library,,,,,,,POINT (20.7350697 42.2062815)
E,library,,,,,,,POINT (20.7341081 42.2064195)
Rrapi Shekullor,,,monument,,,,,POINT (20.745058 42.2123002)
Генерал Михаило Апостолски,,,monument,,,,,POINT (21.4485415 41.9998618)
Генерал Михајло Апостолски,,,memorial,,,Генерал Михајло Апостолски,,POINT (21.4506665 41.9988251)
Krste Petkov Misirkov,,,monument,,,Крсте Петков Мисирков,,POINT (21.4412009 41.9960184)
Blaže Koneski,,,monument,,,Блаже Конески,,POINT (21.4408764 41.9960802)
Κάστρο Χρυσής,,,castle,byzantine,Castle of Chrysi,,,POINT (22.104689 40.9538481)
Γυναικόκαστρο,,,castle,byzantine,Gynaikokastro,Женско,,POINT (22.741827 40.9422971)
Κάστρο Σέτινας,,,castle,byzantine,Castle of Setina,,,POINT (21.669643 40.8721966)
Sultana,,,memorial,,,,,POINT (21.0216359 41.6560282)
Xhemë Hasa,,,memorial,,,,,POINT (20.881732 41.7192252)
Albanian Mother,,,memorial,,,,,POINT (20.9510739 41.5964956)
,,,memorial,,,,,POINT (22.6078358 41.3961543)
,,,memorial,,,,,POINT (22.5609249 41.3183647)
Манастир Кориша,place_of_worship,,,,,,christian,POINT (20.7997418 42.2511101)
,place_of_worship,,,,,,christian,POINT (21.0942403 42.3662544)
,place_of_worship,,,,,,,POINT (21.0795955 42.3593659)
,,,fort,,,,,POINT (21.0689249 42.3585786)
,place_of_worship,,,,,,,POINT (21.0640315 42.3626682)
Св. Георгиј,,,wayside_shrine,,St. George,Св. Георгиј,christian,POINT (21.3208996 41.0108476)
Фаќач на чесниот крст,,,monument,,,Фаќач на чесниот крст,,POINT (20.799333 41.1119818)
"Dëshmorët Bekim Sylka, Sadedin Hajda, Mexhit Mustafa",,,memorial,,,,,POINT (20.6453956 42.3707518)
Павел Шатев,,,monument,,Pavel Šatev,,,POINT (21.4326511 41.9945304)
Невена Георгиева-Дуња,,,memorial,,,,,POINT (21.4332709 41.993726)
Ѓоко Лазаревски,,,monument,,Gjoko Lazarevski,,,POINT (21.0288552 42.0640097)
Теодорит,,,tomb,,,,,POINT (21.027212 42.0700178)
Кирил Пејчиновиќ-Тетоец,,,tomb,,Kiril Pejchinovikj-Tetoec,,,POINT (21.0282911 42.0669654)
Загинати Лешочани во војните 1903-2001,,,monument,,,,,POINT (21.0285176 42.0668701)
Shtëpia Muze Ukshin Hoti,,,monument,,,,,POINT (20.6315105 42.3255841)
,,,memorial,,,,,POINT (20.6399977 42.3169015)
,,,memorial,,,,,POINT (20.526426 42.3526536)
,,,memorial,,,,,POINT (20.7416042 42.2102864)
1878,,,memorial,,,,,POINT (20.7437559 42.2117047)
,,,memorial,,,,,POINT (20.7407499 42.2108056)
UCK,,,memorial,,,,,POINT (20.7446837 42.2153027)
,,,memorial,,USsoldiers: Gibbs & Reichert,,,POINT (20.729709 42.2148919)
Muzeuideshmoreve,,,memorial,,,,,POINT (20.6654067 40.8978119)
Нада Филева,,,memorial,,Nada Fileva,,,POINT (20.798276 41.1141534)
,,,monument,,Soldier with gun on horse,,,POINT (21.4377285 41.9986089)
Dane kraptzew,,,memorial,,,,,POINT (21.4185013 42.0043082)
Илјада книги,library,,,,,,,POINT (21.4354639 41.9946963)
Museum Strumica,,museum,,,,,,POINT (22.6364291 41.4354106)
Vardarski Rid,,museum,,,,,,POINT (22.5220207 41.1488082)
Μακεδονικός Τάφος Τούμπα Παιονίας Κιλκίς,,,archaeological_site,,,,,POINT (22.5427245 40.9450382)
Атентат на Киро Глигоров,,,memorial,,Atentat of Kiro Gligorov,,,POINT (21.4296159 41.9918182)
,,,memorial,,,,,POINT (21.4508797 42.3366198)
Aρχαίο Ίωρον-Aρχαία Κρηστωνία,,,archaeological_site,,,,,POINT (22.9034905 41.1453007)
Ερείπια,,,ruins,,,,,POINT (22.8310072 41.3350488)
Ερείπια,,,ruins,,,,,POINT (22.8589223 41.3384632)
Ερείπια,,,ruins,,,,,POINT (22.9086828 41.3411509)
Ερείπια,,,ruins,,,,,POINT (22.911526 41.3408906)
Ερείπια,,,ruins,,,,,POINT (22.9380143 41.3380718)
Св. Петка,,,wayside_shrine,,St. Parascheva,,christian,POINT (21.6070578 41.3643261)
Ф-86Е,,attraction,aircraft,,F-86E,,,POINT (21.3293819 41.018858)
Ф-86Д,,attraction,aircraft,,F-86D,,,POINT (21.3292773 41.0186718)
,,,memorial,,,,,POINT (21.3566709 41.157167)
,,,memorial,,,,,POINT (22.6492463 41.2487962)
,,,monument,,,,,POINT (21.0277788 42.236406)
Браќата Просветители Св. Кирил и Методиј,,,monument,,,,,POINT (22.4105061 41.9135927)
Љупчо Сантов,,,monument,,,,,POINT (22.410612 41.9143473)
Братска гробница,,,tomb,,,,,POINT (21.4572557 41.204511)
Сухои Су-25УБ,,attraction,aircraft,,Sukhoi Su25UB,,,POINT (21.6216919 41.9755167)
Сухои Су-25К,,attraction,aircraft,,Sukhoi Su25K,,,POINT (21.6219516 41.9754577)
Сухои Су-25К,,attraction,aircraft,,Sukhoi Su25K,,,POINT (21.6221983 41.9753556)
Сухои Су-25К,,attraction,aircraft,,Sukhoi Su25K,,,POINT (21.6224322 41.975287)
,,,monument,,,,,POINT (21.3517782 41.5170131)
,,,monument,,,,,POINT (21.4678555 41.2646939)
,,,wayside_shrine,,,,christian,POINT (21.4705534 41.2658411)
Йордан Митрев -лесовъд,,,monument,,,,,POINT (22.6644028 42.2507551)
,,,monument,,,,,POINT (22.6608267 42.330001)
,,,monument,,,,,POINT (22.6612778 42.3303244)
,,,tomb,,,,,POINT (21.5377119 41.3615324)
Игуменија Катерина,,,tomb,,,,,POINT (21.6200758 41.4286415)
,,,monument,,,,,POINT (21.3343796 41.0306613)
,,,wayside_shrine,,,,christian,POINT (21.6484545 41.3682851)
,,,wayside_shrine,,,,christian,POINT (21.6537245 41.3667601)
НЧ „Иван Чаушки -1934”,library,,,,,,,POINT (22.9343171 41.9924554)
,,,memorial,,,,,POINT (20.9217507 40.8828398)
,,,memorial,,,,,POINT (21.0068261 41.0425682)
,,,memorial,,,,,POINT (21.1482793 41.0656254)
,,,memorial,,,,,POINT (20.9117668 40.9395818)
,,,memorial,,,,,POINT (21.4190349 40.9097991)
,,,memorial,,,,,POINT (21.3594107 40.9785566)
Naim Frasheri,,,monument,,,,,POINT (20.8876605 41.8781835)
Naser Ademi,,,monument,,,,,POINT (20.8835051 41.878351)
Deshmoret e Ushtrise Clirimtare Kombetare,,,monument,,,,,POINT (20.883467 41.8782156)
House of Lambeski,,museum,,,,,,POINT (20.7970433 41.1123275)
Бивша гранична застава,,,ruins,,,,,POINT (22.7627753 42.0605062)
,,,monument,,,,,POINT (22.8374778 42.0728586)
Πεσόντων 1922 1949,,,memorial,,,,,POINT (22.4783797 41.0785408)
Јаким Д Стојковски,,,memorial,,,,,POINT (22.1778987 42.0001506)
Përmendorja e Hysni Temajt,,,memorial,,,,,POINT (20.538864 42.275346)
,,,memorial,,,,,POINT (20.6259567 42.272754)
,,,memorial,,,,,POINT (20.6082246 42.2662717)
,,,memorial,,,,,POINT (20.5462722 42.1787381)
Kalaja e Pogradecit,,attraction,archaeological_site,,Pogradec Castle,,,POINT (20.6461319 40.908181)
,,,monument,,,,,POINT (22.8388178 41.261359)
,,,wayside_shrine,,,,,POINT (21.5914579 41.3843244)
,,,wayside_shrine,,,,,POINT (21.5914106 41.3841894)
Biblioteka Prizren,library,,,,,,,POINT (20.743004 42.2106221)
,,,memorial,,Fallen UCK soldiers,,,POINT (20.7551542 42.1691897)
Viničko Kale,,,castle,ancient_roman,,,,POINT (22.5027575 41.8768098)
,place_of_worship,,,,,,christian,POINT (20.8388524 42.1777719)
Gjergj Kastrioti Skënderbeu,,,memorial,,,,,POINT (20.7294316 42.2151146)
,,,memorial,,,,,POINT (21.4178591 40.916457)
Lokaliteti arkeologjik “ Fusha e Madhe dhe Tuma”,,,archaeological_site,,,,,POINT (21.2962514 42.3355644)
,,,memorial,,,,,POINT (20.6777867 41.1757856)
Нико Нестор-Дживджан,,,memorial,,,,,POINT (20.6778798 41.1757975)
Дрини дент,dentist,,memorial,,,,,POINT (20.6791018 41.1756353)
,,,monument,,,,,POINT (21.5709712 41.364432)
,,,wayside_shrine,,,,,POINT (21.3540794 41.1100569)
,,,wayside_shrine,,,,,POINT (21.255996 41.3734433)
,,,tomb,,,,,POINT (20.5198827 40.9899957)
,,,tomb,,,,,POINT (20.5194429 40.9913229)
Varrezat Ilire,,attraction,archaeological_site,,Illiric's Kings Tombs,,,POINT (20.5193485 40.9914013)
Ura e Golikut,,attraction,monument,,Golik Bridge,,,POINT (20.5135988 41.0160762)
Mozaiku i Linit,,,archaeological_site,,Lin Mosaic,,,POINT (20.6447795 41.065983)
Kalaja e Grazhdanit,,,castle,,Grazhdan Fortress,,,POINT (20.4661222 41.6059048)
Bellovë,,,archaeological_site,illyrian,,,,POINT (20.4877105 41.7004279)
Tomb 2,,,archaeological_site,,,,,POINT (20.5193132 40.9915167)
Tomb 1,,,archaeological_site,,,,,POINT (20.5193731 40.991496)
Tomb 3,,,archaeological_site,,,,,POINT (20.5194591 40.9914008)
Tomb 4,,,archaeological_site,,,,,POINT (20.5198834 40.9900123)
Tomb 5,,,archaeological_site,,,,,POINT (20.5203708 40.9902374)
Владимир Димитров-Майстора,,museum,,,,,,POINT (22.7164892 42.3502614)
99.4-025,,attraction,locomotive,,,,,POINT (21.3631045 42.0080767)
83-064,,attraction,locomotive,,,,,POINT (21.4618597 41.9780627)
Ηρώο Πεσόντων Νότιας,,,monument,,,,,POINT (22.2414068 41.1048278)
,,,memorial,,,,,POINT (23.0082967 42.1517528)
,,,memorial,,,,,POINT (20.6256923 41.5891815)
,,,memorial,,,,,POINT (20.6340431 41.1057905)
,,,wayside_shrine,,,,,POINT (20.6340102 41.1089992)
Споменик „Солунски атентатори и Гемиџии“,,,memorial,,,,,POINT (21.4328484 41.9964125)
Света Троица и Свети Ѓорѓија,,,ruins,ancient_roman,Holy Trinity and Holy George,,,POINT (21.288822 41.9538189)
,,museum,,,"Auto and etno museum ""Filip""",,,POINT (21.3299172 41.0748026)
,,,monument,,,,,POINT (22.9798389 41.3664629)
,,,memorial,,,,,POINT (20.8292233 42.3609509)
,,museum,,,,,,POINT (20.8929316 42.1746293)
Guri Merthincit,,,castle,,,,,POINT (20.7493066 42.1080235)
Голема Пеш,,,archaeological_site,prehistoric,Golema Pesht,,,POINT (21.1617392 41.8117124)
,,,memorial,,,,,POINT (21.0319272 41.5875575)
,,,memorial,,,,,POINT (21.0214707 41.5495562)
,,,memorial,,,,,POINT (21.0453863 41.6173834)
,,,memorial,,,,,POINT (21.0000492 41.5423453)
,,museum,,,,,,POINT (20.9638123 41.5127983)
Ιερός Ναός Αγίου Ευσταθίου,place_of_worship,,,,,,christian,POINT (21.9734255 40.9420006)
,,,,,,,,POINT (21.3433119 41.0114845)
,,,,,,,,POINT (21.2503795 41.0438632)
Градот,,,,,Gradot,,,POINT (21.7169604 41.2058438)
,,,,,,,,POINT (21.540541 41.3549359)
,,,,,,,,POINT (21.5373929 41.361265)
,,,,,,,,POINT (21.5552133 41.3371944)
,,,,,,,,POINT (21.5551616 41.3373072)
,,,,,,,,POINT (21.5583283 41.3426231)
,,,,,,,,POINT (21.5552874 41.33701)
,,,,,,,,POINT (22.5847087 40.9864289)
,,,,,,,,POINT (22.590939 40.9871337)
Tailors Bridge,,attraction,,,,,,POINT (20.509812 42.3590363)
,,,,,,,,POINT (20.7437174 42.211278)
,,,,,,,,POINT (20.7462715 42.2088803)
,,,,,,,,POINT (20.751155 42.2179193)
,,,,,,,,POINT (21.176225 41.9776073)
,,,,,,,,POINT (21.1515621 42.3696633)
,,,,,,,,POINT (21.4005855 42.0038631)
,,,,,,,,POINT (22.1896813 41.7365757)
,,viewpoint,,,,,,POINT (22.1877916 41.7380866)
,,,,,,,,POINT (22.1925072 41.7374964)
,,,,,,,,POINT (22.3616417 42.2091529)
,,,,,,,,POINT (22.3632941 42.2093038)
